,NewsTweet,branch,difftime,retweet_id,retweet_user,text,tmd,tree
0,682036793399750656,86,1 days 01:48:27.000000000,682426473911816192,4040265447,RT @BBCNews: Looter,2015-12-31 05:02:04,False
1,682036793399750656,86,0 days 20:37:42.000000000,682348270186835968,3731007083,RT @BBCNews: Looter,2015-12-30 23:51:19,False
2,682036793399750656,86,0 days 06:30:12.000000000,682134991036284928,277439806,RT @BBCNews: Looter,2015-12-30 09:43:49,False
3,682036793399750656,86,0 days 06:09:03.000000000,682129664408616960,498819768,RT @BBCNews: Looter,2015-12-30 09:22:40,False
4,682036793399750656,86,0 days 06:06:47.000000000,682129094063075328,3833191875,RT @BBCNews: Looter,2015-12-30 09:20:24,False
5,682036793399750656,86,0 days 06:06:13.000000000,682128952060698625,63499033,RT @BBCNews: Looter,2015-12-30 09:19:50,False
6,682036793399750656,86,0 days 06:04:24.000000000,682128494390808576,342269002,RT @BBCNews: Looter,2015-12-30 09:18:01,False
7,682036793399750656,86,0 days 05:12:43.000000000,682115490097934339,4556576475,RT @BBCNews: Looter,2015-12-30 08:26:20,False
8,682036793399750656,86,0 days 04:33:11.000000000,682105541057998852,2277500369,RT @BBCNews: Looter,2015-12-30 07:46:48,False
9,682036793399750656,86,0 days 04:06:03.000000000,682098714069090304,5662872,RT @BBCNews: Looter,2015-12-30 07:19:40,False
10,682036793399750656,86,0 days 03:56:40.000000000,682096349437947904,301001782,RT @BBCNews: Looter,2015-12-30 07:10:17,False
11,682036793399750656,86,0 days 03:00:29.000000000,682082214075568129,422490523,RT @BBCNews: Looter,2015-12-30 06:14:06,False
12,682036793399750656,86,0 days 02:52:27.000000000,682080190974017536,733218042,RT @BBCNews: Looter,2015-12-30 06:06:04,False
13,682036793399750656,86,0 days 02:41:14.000000000,682077368849154048,562419621,RT @BBCNews: Looter,2015-12-30 05:54:51,False
14,682036793399750656,86,0 days 02:27:49.000000000,682073991352336384,22255728,RT @BBCNews: Looter,2015-12-30 05:41:26,False
15,682036793399750656,86,0 days 02:23:34.000000000,682072922261864448,279164084,RT @BBCNews: Looter,2015-12-30 05:37:11,False
16,682178266229166084,22,0 days 21:48:09.000000000,682507470745374720,4538708058,RT @BBCNews: How @B,2015-12-31 10:23:56,False
17,682178266229166084,22,0 days 18:34:52.000000000,682458829901004800,4637489192,RT @BBCNews: How @B,2015-12-31 07:10:39,False
18,682178266229166084,22,0 days 05:18:51.000000000,682258507970818048,970281925,RT @BBCNews: How @B,2015-12-30 17:54:38,False
19,682178266229166084,22,0 days 04:13:54.000000000,682242161945919488,235179462,RT @BBCNews: How @B,2015-12-30 16:49:41,False
20,682178266229166084,22,0 days 03:46:08.000000000,682235173635813376,4341912802,RT @BBCNews: How @B,2015-12-30 16:21:55,False
21,682178266229166084,22,0 days 02:56:17.000000000,682222627365195776,392272190,RT @BBCNews: How @B,2015-12-30 15:32:04,False
22,682178266229166084,22,0 days 02:17:55.000000000,682212972018688000,2962912571,RT @BBCNews: How @B,2015-12-30 14:53:42,False
23,682178266229166084,22,0 days 02:13:02.000000000,682211746216415233,3380153801,RT @BBCNews: How @B,2015-12-30 14:48:49,False
24,682178266229166084,22,0 days 01:55:32.000000000,682207338850291712,2169216167,RT @BBCNews: How @B,2015-12-30 14:31:19,False
25,682178266229166084,22,0 days 01:43:37.000000000,682204341533544449,193313263,RT @BBCNews: How @B,2015-12-30 14:19:24,False
26,682178266229166084,22,0 days 00:27:45.000000000,682185248310988800,171850503,RT @BBCNews: How @B,2015-12-30 13:03:32,False
27,682178266229166084,22,0 days 00:25:43.000000000,682184737495072768,323321410,RT @BBCNews: How @B,2015-12-30 13:01:30,False
28,682178266229166084,22,0 days 00:23:41.000000000,682184227366907905,49923286,RT @BBCNews: How @B,2015-12-30 12:59:28,False
29,682178266229166084,22,0 days 00:22:55.000000000,682184032088502272,4210040172,RT @BBCNews: How @B,2015-12-30 12:58:42,False
30,682178266229166084,22,0 days 00:06:55.000000000,682180008023080960,2809901188,RT @BBCNews: How @B,2015-12-30 12:42:42,False
31,682178266229166084,22,0 days 00:04:25.000000000,682179376860020737,45647823,RT @BBCNews: How @B,2015-12-30 12:40:12,False
32,682178266229166084,22,0 days 00:04:23.000000000,682179370128175104,200491218,RT @BBCNews: How @B,2015-12-30 12:40:10,False
33,682178266229166084,22,0 days 00:03:44.000000000,682179204767547392,3236880390,RT @BBCNews: How @B,2015-12-30 12:39:31,False
34,682178266229166084,22,0 days 00:03:12.000000000,682179071040745472,3255890581,RT @BBCNews: How @B,2015-12-30 12:38:59,False
35,682178266229166084,22,0 days 00:00:35.000000000,682178411494817792,4642895081,RT @BBCNews: How @B,2015-12-30 12:36:22,False
36,682050984810549248,19,0 days 03:14:10.000000000,682099850792538112,853615410,RT @BBCNews: Myanma,2015-12-30 07:24:11,False
37,682050984810549248,19,0 days 00:44:41.000000000,682062229806661633,902196660,RT @BBCNews: Myanma,2015-12-30 04:54:42,False
38,682050984810549248,19,0 days 00:24:52.000000000,682057244507152384,3422193072,RT @BBCNews: Myanma,2015-12-30 04:34:53,False
39,682050984810549248,19,0 days 00:19:00.000000000,682055766212239360,2204798617,RT @BBCNews: Myanma,2015-12-30 04:29:01,False
40,682050984810549248,19,0 days 00:17:48.000000000,682055467129024512,3255823724,RT @BBCNews: Myanma,2015-12-30 04:27:49,False
41,682050984810549248,19,0 days 00:17:10.000000000,682055303966371841,4675639880,RT @BBCNews: Myanma,2015-12-30 04:27:11,False
42,682050984810549248,19,0 days 00:14:58.000000000,682054750720884736,4054740795,RT @BBCNews: Myanma,2015-12-30 04:24:59,False
43,682050984810549248,19,0 days 00:13:32.000000000,682054392120475648,140971463,RT @BBCNews: Myanma,2015-12-30 04:23:33,False
44,682050984810549248,19,0 days 00:12:13.000000000,682054059747053568,1599352140,RT @BBCNews: Myanma,2015-12-30 04:22:14,False
45,682050984810549248,19,0 days 00:09:42.000000000,682053428428713984,543567716,RT @BBCNews: Myanma,2015-12-30 04:19:43,False
46,682050984810549248,19,0 days 00:07:47.000000000,682052945790275585,442782547,RT @BBCNews: Myanma,2015-12-30 04:17:48,False
47,682050984810549248,19,0 days 00:06:40.000000000,682052661470978048,2809901188,RT @BBCNews: Myanma,2015-12-30 04:16:41,False
48,682050984810549248,19,0 days 00:03:59.000000000,682051989484756992,956324941,RT @BBCNews: Myanma,2015-12-30 04:14:00,False
49,682050984810549248,19,0 days 00:03:46.000000000,682051931590815744,3165913319,RT @BBCNews: Myanma,2015-12-30 04:13:47,False
50,682050984810549248,19,0 days 00:03:28.000000000,682051857909338113,203325246,RT @BBCNews: Myanma,2015-12-30 04:13:29,False
51,682050984810549248,19,0 days 00:00:25.000000000,682051091781910528,3824782752,RT @BBCNews: Myanma,2015-12-30 04:10:26,False
52,682050984810549248,19,0 days 00:00:25.000000000,682051090326536193,475886447,RT @BBCNews: Myanma,2015-12-30 04:10:26,False
53,682050984810549248,19,0 days 00:00:24.000000000,682051085071179777,2205992556,RT @BBCNews: Myanma,2015-12-30 04:10:25,False
54,682050984810549248,19,0 days 00:00:06.000000000,682051012182601728,3293322849,RT @BBCNews: Myanma,2015-12-30 04:10:07,False
55,682080768248659969,57,0 days 08:39:27.000000000,682211493685948416,187964046,RT @BBCNews: Oliver,2015-12-30 14:47:49,False
56,682080768248659969,57,0 days 06:38:15.000000000,682180992258437120,295790580,RT @BBCNews: Oliver,2015-12-30 12:46:37,False
57,682080768248659969,57,0 days 06:19:47.000000000,682176345036722176,513306640,RT @BBCNews: Oliver,2015-12-30 12:28:09,False
58,682080768248659969,57,0 days 06:18:22.000000000,682175988843855876,116782869,RT @BBCNews: Oliver,2015-12-30 12:26:44,False
59,682080768248659969,57,0 days 05:38:54.000000000,682166056048267265,119160232,RT @BBCNews: Oliver,2015-12-30 11:47:16,False
60,682080768248659969,57,0 days 05:20:32.000000000,682161433841418240,426813038,RT @BBCNews: Oliver,2015-12-30 11:28:54,False
61,682080768248659969,57,0 days 05:15:21.000000000,682160128410415104,998091066,RT @BBCNews: Oliver,2015-12-30 11:23:43,False
62,682080768248659969,57,0 days 05:06:59.000000000,682158024765632513,779908279,RT @BBCNews: Oliver,2015-12-30 11:15:21,False
63,682080768248659969,57,0 days 04:56:51.000000000,682155475954208768,2927142058,RT @BBCNews: Oliver,2015-12-30 11:05:13,False
64,682080768248659969,57,0 days 04:23:33.000000000,682147095365742592,77834136,RT @BBCNews: Oliver,2015-12-30 10:31:55,False
65,682080768248659969,57,0 days 04:19:51.000000000,682146162552516609,730513393,RT @BBCNews: Oliver,2015-12-30 10:28:13,False
66,682080768248659969,57,0 days 04:17:51.000000000,682145659458318336,2895966166,RT @BBCNews: Oliver,2015-12-30 10:26:13,False
67,682080768248659969,57,0 days 04:17:31.000000000,682145575970693120,228033113,RT @BBCNews: Oliver,2015-12-30 10:25:53,False
68,682080768248659969,57,0 days 04:10:45.000000000,682143873418801152,4553483362,RT @BBCNews: Oliver,2015-12-30 10:19:07,False
69,682080768248659969,57,0 days 04:10:12.000000000,682143735493296128,81429690,RT @BBCNews: Oliver,2015-12-30 10:18:34,False
70,682080768248659969,57,0 days 04:09:40.000000000,682143600805855232,236842564,RT @BBCNews: Oliver,2015-12-30 10:18:02,False
71,682080768248659969,57,0 days 04:07:52.000000000,682143145073741824,237019593,RT @BBCNews: Oliver,2015-12-30 10:16:14,False
72,682080768248659969,57,0 days 04:06:02.000000000,682142687366135808,565614652,RT @BBCNews: Oliver,2015-12-30 10:14:24,False
73,682080768248659969,57,0 days 03:58:25.000000000,682140769382174720,3379558079,RT @BBCNews: Oliver,2015-12-30 10:06:47,False
74,682342864366530560,46,0 days 17:55:07.000000000,682613426284199936,272136130,RT @BBCNews: Conser,2015-12-31 17:24:57,False
75,682342864366530560,46,0 days 11:01:56.000000000,682509444224253952,1627415906,RT @BBCNews: Conser,2015-12-31 10:31:46,False
76,682342864366530560,46,0 days 09:57:49.000000000,682493309751787520,21484872,RT @BBCNews: Conser,2015-12-31 09:27:39,False
77,682342864366530560,46,0 days 09:02:08.000000000,682479296804421632,21302069,RT @BBCNews: Conser,2015-12-31 08:31:58,False
78,682342864366530560,46,0 days 07:52:45.000000000,682461833878482945,21754620,RT @BBCNews: Conser,2015-12-31 07:22:35,False
79,682342864366530560,46,0 days 07:00:24.000000000,682448662098776064,14577821,RT @BBCNews: Conser,2015-12-31 06:30:14,False
80,682342864366530560,46,0 days 06:30:24.000000000,682441111206498304,163992822,RT @BBCNews: Conser,2015-12-31 06:00:14,False
81,682342864366530560,46,0 days 05:44:12.000000000,682429482511151105,277439806,RT @BBCNews: Conser,2015-12-31 05:14:02,False
82,682342864366530560,46,0 days 04:37:54.000000000,682412800514371585,882675674,RT @BBCNews: Conser,2015-12-31 04:07:44,False
83,682342864366530560,46,0 days 04:08:21.000000000,682405360699863041,2366013179,RT @BBCNews: Conser,2015-12-31 03:38:11,False
84,682342864366530560,46,0 days 03:24:33.000000000,682394341353091074,2216811230,RT @BBCNews: Conser,2015-12-31 02:54:23,False
85,682342864366530560,46,0 days 03:21:15.000000000,682393510205648898,3379558079,RT @BBCNews: Conser,2015-12-31 02:51:05,False
86,682342864366530560,46,0 days 01:33:59.000000000,682366513513390080,54327296,RT @BBCNews: Conser,2015-12-31 01:03:49,False
87,682342864366530560,46,0 days 01:24:40.000000000,682364170461966336,2680706465,RT @BBCNews: Conser,2015-12-31 00:54:30,False
88,682342864366530560,46,0 days 01:21:26.000000000,682363357073162241,490669228,RT @BBCNews: Conser,2015-12-31 00:51:16,False
89,682342864366530560,46,0 days 00:46:39.000000000,682354603657146368,203325246,RT @BBCNews: Conser,2015-12-31 00:16:29,False
90,682342864366530560,46,0 days 00:45:46.000000000,682354378926206976,3857108724,RT @BBCNews: Conser,2015-12-31 00:15:36,False
91,682342864366530560,46,0 days 00:40:22.000000000,682353021616025600,1145390978,RT @BBCNews: Conser,2015-12-31 00:10:12,False
92,682333610360217600,73,0 days 19:13:41.000000000,682623945774882816,1715795473,RT @BBCNews: GUARDI,2015-12-31 18:06:45,False
93,682333610360217600,73,0 days 19:11:10.000000000,682623311696760832,2234290370,RT @BBCNews: GUARDI,2015-12-31 18:04:14,False
94,682333610360217600,73,0 days 16:38:04.000000000,682584783109668864,3786926235,RT @BBCNews: GUARDI,2015-12-31 15:31:08,False
95,682333610360217600,73,0 days 14:08:58.000000000,682547261595873281,1575110011,RT @BBCNews: GUARDI,2015-12-31 13:02:02,False
96,682333610360217600,73,0 days 10:56:01.000000000,682498704213962752,3347290719,RT @BBCNews: GUARDI,2015-12-31 09:49:05,False
97,682333610360217600,73,0 days 09:43:14.000000000,682480384223744000,742685995,RT @BBCNews: GUARDI,2015-12-31 08:36:18,False
98,682333610360217600,73,0 days 09:22:23.000000000,682475136847499264,4363930343,RT @BBCNews: GUARDI,2015-12-31 08:15:27,False
99,682333610360217600,73,0 days 09:03:56.000000000,682470495548248065,350929049,RT @BBCNews: GUARDI,2015-12-31 07:57:00,False
100,682333610360217600,73,0 days 07:09:40.000000000,682441739588747264,4209823162,RT @BBCNews: GUARDI,2015-12-31 06:02:44,False
101,682333610360217600,73,0 days 06:20:33.000000000,682429380149116929,277439806,RT @BBCNews: GUARDI,2015-12-31 05:13:37,False
102,682333610360217600,73,0 days 05:56:50.000000000,682423409825951744,2533244275,RT @BBCNews: GUARDI,2015-12-31 04:49:54,False
103,682333610360217600,73,0 days 02:33:01.000000000,682372118928044032,394182676,RT @BBCNews: GUARDI,2015-12-31 01:26:05,False
104,682333610360217600,73,0 days 01:41:32.000000000,682359162068537345,4614553021,RT @BBCNews: GUARDI,2015-12-31 00:34:36,False
105,682333610360217600,73,0 days 01:33:50.000000000,682357222584782849,1444922329,RT @BBCNews: GUARDI,2015-12-31 00:26:54,False
106,682333610360217600,73,0 days 01:23:35.000000000,682354642861297665,203325246,RT @BBCNews: GUARDI,2015-12-31 00:16:39,False
107,682333610360217600,73,0 days 01:23:14.000000000,682354558480334848,142248864,RT @BBCNews: GUARDI,2015-12-31 00:16:18,False
108,682333610360217600,73,0 days 01:22:48.000000000,682354449210294277,31230434,RT @BBCNews: GUARDI,2015-12-31 00:15:52,False
109,682333610360217600,73,0 days 01:19:31.000000000,682353622601052160,243862968,RT @BBCNews: GUARDI,2015-12-31 00:12:35,False
110,682333610360217600,73,0 days 01:06:41.000000000,682350390004822016,4627319541,RT @BBCNews: GUARDI,2015-12-30 23:59:45,False
111,682084761767002112,86,0 days 16:00:48.000000000,682326556354543616,486722762,RT @BBCNews: #Storm,2015-12-30 22:25:02,False
112,682084761767002112,86,0 days 07:51:14.000000000,682203351191191553,1237740068,RT @BBCNews: #Storm,2015-12-30 14:15:28,False
113,682084761767002112,86,0 days 05:05:58.000000000,682161760380530688,837846505,RT @BBCNews: #Storm,2015-12-30 11:30:12,False
114,682084761767002112,86,0 days 04:01:38.000000000,682145571033858049,636874838,RT @BBCNews: #Storm,2015-12-30 10:25:52,False
115,682084761767002112,86,0 days 03:38:43.000000000,682139803283001344,2878713572,RT @BBCNews: #Storm,2015-12-30 10:02:57,False
116,682084761767002112,86,0 days 03:29:10.000000000,682137400492048385,371696031,RT @BBCNews: #Storm,2015-12-30 09:53:24,False
117,682084761767002112,86,0 days 03:21:05.000000000,682135366736953344,19737608,RT @BBCNews: #Storm,2015-12-30 09:45:19,False
118,682084761767002112,86,0 days 03:21:02.000000000,682135355928133632,277439806,RT @BBCNews: #Storm,2015-12-30 09:45:16,False
119,682084761767002112,86,0 days 03:07:00.000000000,682131820285132800,3993699196,RT @BBCNews: #Storm,2015-12-30 09:31:14,False
120,682084761767002112,86,0 days 02:56:20.000000000,682129139290210305,133019619,RT @BBCNews: #Storm,2015-12-30 09:20:34,False
121,682084761767002112,86,0 days 02:41:24.000000000,682125380736684032,2855204111,RT @BBCNews: #Storm,2015-12-30 09:05:38,False
122,682084761767002112,86,0 days 02:37:31.000000000,682124402666926081,96603946,RT @BBCNews: #Storm,2015-12-30 09:01:45,False
123,682084761767002112,86,0 days 02:15:43.000000000,682118917670727680,49393169,RT @BBCNews: #Storm,2015-12-30 08:39:57,False
124,682084761767002112,86,0 days 02:13:07.000000000,682118260742078464,325773355,RT @BBCNews: #Storm,2015-12-30 08:37:21,False
125,682084761767002112,86,0 days 02:00:15.000000000,682115025956433920,4265173719,RT @BBCNews: #Storm,2015-12-30 08:24:29,False
126,682084761767002112,86,0 days 01:35:13.000000000,682108726212456449,170601917,RT @BBCNews: #Storm,2015-12-30 07:59:27,False
127,682084761767002112,86,0 days 01:32:11.000000000,682107959795683328,3062955261,RT @BBCNews: #Storm,2015-12-30 07:56:25,False
128,682084761767002112,86,0 days 01:24:31.000000000,682106031506337792,1048759826,RT @BBCNews: #Storm,2015-12-30 07:48:45,False
129,682160914611585024,98,0 days 15:46:43.000000000,682399164005806085,177423564,RT @BBCNews: Extent,2015-12-31 03:13:33,False
130,682160914611585024,98,0 days 12:49:15.000000000,682354500410195969,2914637591,RT @BBCNews: Extent,2015-12-31 00:16:05,False
131,682160914611585024,98,0 days 08:23:46.000000000,682287692957233153,483074049,RT @BBCNews: Extent,2015-12-30 19:50:36,False
132,682160914611585024,98,0 days 06:57:14.000000000,682265914872483840,277439806,RT @BBCNews: Extent,2015-12-30 18:24:04,False
133,682160914611585024,98,0 days 04:59:53.000000000,682236381482074112,527430292,RT @BBCNews: Extent,2015-12-30 16:26:43,False
134,682160914611585024,98,0 days 04:50:03.000000000,682233905987121152,313139651,RT @BBCNews: Extent,2015-12-30 16:16:53,False
135,682160914611585024,98,0 days 03:39:32.000000000,682216161325531136,35229262,RT @BBCNews: Extent,2015-12-30 15:06:22,False
136,682160914611585024,98,0 days 03:27:31.000000000,682213137353949184,15491360,RT @BBCNews: Extent,2015-12-30 14:54:21,False
137,682160914611585024,98,0 days 02:59:30.000000000,682206087072886784,276943235,RT @BBCNews: Extent,2015-12-30 14:26:20,False
138,682160914611585024,98,0 days 02:59:16.000000000,682206027614400513,19737608,RT @BBCNews: Extent,2015-12-30 14:26:06,False
139,682160914611585024,98,0 days 02:51:38.000000000,682204108107943936,1661818592,RT @BBCNews: Extent,2015-12-30 14:18:28,False
140,682160914611585024,98,0 days 02:05:20.000000000,682192453663875072,22756620,RT @BBCNews: Extent,2015-12-30 13:32:10,False
141,682160914611585024,98,0 days 02:02:54.000000000,682191841735917569,2229713924,RT @BBCNews: Extent,2015-12-30 13:29:44,False
142,682160914611585024,98,0 days 01:52:04.000000000,682189115627057152,749784386,RT @BBCNews: Extent,2015-12-30 13:18:54,False
143,682160914611585024,98,0 days 01:47:03.000000000,682187853686771714,3567284657,RT @BBCNews: Extent,2015-12-30 13:13:53,False
144,682160914611585024,98,0 days 01:37:00.000000000,682185325574238208,208181007,RT @BBCNews: Extent,2015-12-30 13:03:50,False
145,682160914611585024,98,0 days 01:30:58.000000000,682183804606398464,477726681,RT @BBCNews: Extent,2015-12-30 12:57:48,False
146,682160914611585024,98,0 days 01:22:20.000000000,682181632363753472,28516198,RT @BBCNews: Extent,2015-12-30 12:49:10,False
147,682190682635780096,57,0 days 21:46:51.000000000,682519562064146433,3949280680,RT @BBCNews: Britai,2015-12-31 11:11:58,False
148,682190682635780096,57,0 days 09:10:43.000000000,682329271822487553,1368100356,RT @BBCNews: Britai,2015-12-30 22:35:50,False
149,682190682635780096,57,0 days 09:00:36.000000000,682326726580514816,3942376461,RT @BBCNews: Britai,2015-12-30 22:25:43,False
150,682190682635780096,57,0 days 05:12:34.000000000,682269339010076672,4645468035,RT @BBCNews: Britai,2015-12-30 18:37:41,False
151,682190682635780096,57,0 days 05:04:28.000000000,682267300515348480,2281250144,RT @BBCNews: Britai,2015-12-30 18:29:35,False
152,682190682635780096,57,0 days 04:58:38.000000000,682265835742871552,140991286,RT @BBCNews: Britai,2015-12-30 18:23:45,False
153,682190682635780096,57,0 days 04:58:11.000000000,682265720479068160,18928764,RT @BBCNews: Britai,2015-12-30 18:23:18,False
154,682190682635780096,57,0 days 04:57:37.000000000,682265577147240448,3080999975,RT @BBCNews: Britai,2015-12-30 18:22:44,False
155,682190682635780096,57,0 days 03:51:03.000000000,682248826829299712,3981329195,RT @BBCNews: Britai,2015-12-30 17:16:10,False
156,682190682635780096,57,0 days 02:38:01.000000000,682230446747422720,353928889,RT @BBCNews: Britai,2015-12-30 16:03:08,False
157,682190682635780096,57,0 days 02:09:03.000000000,682223156174675972,4495126155,RT @BBCNews: Britai,2015-12-30 15:34:10,False
158,682190682635780096,57,0 days 01:31:12.000000000,682213632646713344,3297011189,RT @BBCNews: Britai,2015-12-30 14:56:19,False
159,682190682635780096,57,0 days 01:29:44.000000000,682213263682211840,2962912571,RT @BBCNews: Britai,2015-12-30 14:54:51,False
160,682190682635780096,57,0 days 01:24:57.000000000,682212060151869441,15491360,RT @BBCNews: Britai,2015-12-30 14:50:04,False
161,682190682635780096,57,0 days 01:18:10.000000000,682210351736303616,4625067447,RT @BBCNews: Britai,2015-12-30 14:43:17,False
162,682190682635780096,57,0 days 01:09:43.000000000,682208226910273536,839218364,RT @BBCNews: Britai,2015-12-30 14:34:50,False
163,682190682635780096,57,0 days 01:01:46.000000000,682206226676080641,25968865,RT @BBCNews: Britai,2015-12-30 14:26:53,False
164,682116379785441280,33,0 days 03:38:53.000000000,682171461214187520,4660019713,RT @BBCNews: Averag,2015-12-30 12:08:45,False
165,682116379785441280,33,0 days 03:25:26.000000000,682168076616335360,4671124452,RT @BBCNews: Averag,2015-12-30 11:55:18,False
166,682116379785441280,33,0 days 02:53:37.000000000,682160071489499136,291645018,RT @BBCNews: Averag,2015-12-30 11:23:29,False
167,682116379785441280,33,0 days 02:38:02.000000000,682156148011724800,4004710061,RT @BBCNews: Averag,2015-12-30 11:07:54,False
168,682116379785441280,33,0 days 02:20:06.000000000,682151636857425920,747347588,RT @BBCNews: Averag,2015-12-30 10:49:58,False
169,682116379785441280,33,0 days 01:24:33.000000000,682137658219343872,4660303640,RT @BBCNews: Averag,2015-12-30 09:54:25,False
170,682116379785441280,33,0 days 01:20:12.000000000,682136561400463361,399290779,RT @BBCNews: Averag,2015-12-30 09:50:04,False
171,682116379785441280,33,0 days 01:15:11.000000000,682135298130735104,1080891564,RT @BBCNews: Averag,2015-12-30 09:45:03,False
172,682116379785441280,33,0 days 00:53:26.000000000,682129826761826305,62083456,RT @BBCNews: Averag,2015-12-30 09:23:18,False
173,682116379785441280,33,0 days 00:41:44.000000000,682126883421552640,299719194,RT @BBCNews: Averag,2015-12-30 09:11:36,False
174,682116379785441280,33,0 days 00:34:35.000000000,682125081300996102,116087063,RT @BBCNews: Averag,2015-12-30 09:04:27,False
175,682116379785441280,33,0 days 00:27:54.000000000,682123398688960512,4282747768,RT @BBCNews: Averag,2015-12-30 08:57:46,False
176,682116379785441280,33,0 days 00:22:28.000000000,682122032247619585,2853190671,RT @BBCNews: Averag,2015-12-30 08:52:20,False
177,682116379785441280,33,0 days 00:18:33.000000000,682121046208679936,2809901188,RT @BBCNews: Averag,2015-12-30 08:48:25,False
178,682116379785441280,33,0 days 00:18:26.000000000,682121017251106816,911196463,RT @BBCNews: Averag,2015-12-30 08:48:18,False
179,682116379785441280,33,0 days 00:17:10.000000000,682120698043731968,67182868,RT @BBCNews: Averag,2015-12-30 08:47:02,False
180,682116379785441280,33,0 days 00:17:09.000000000,682120694516301825,1126810490,RT @BBCNews: Averag,2015-12-30 08:47:01,False
181,682116379785441280,33,0 days 00:16:24.000000000,682120504417869824,415643317,RT @BBCNews: Averag,2015-12-30 08:46:16,False
182,682331337554935809,72,0 days 12:15:56.000000000,682516541896810496,94415241,RT @BBCNews: EXPRES,2015-12-31 10:59:58,False
183,682331337554935809,72,0 days 10:05:42.000000000,682483766711988224,386599743,RT @BBCNews: EXPRES,2015-12-31 08:49:44,False
184,682331337554935809,72,0 days 08:58:18.000000000,682466804913041409,34569933,RT @BBCNews: EXPRES,2015-12-31 07:42:20,False
185,682331337554935809,72,0 days 07:24:54.000000000,682443298179563520,492040007,RT @BBCNews: EXPRES,2015-12-31 06:08:56,False
186,682331337554935809,72,0 days 06:29:26.000000000,682429342975066113,277439806,RT @BBCNews: EXPRES,2015-12-31 05:13:28,False
187,682331337554935809,72,0 days 04:47:15.000000000,682403626355130368,3753754533,RT @BBCNews: EXPRES,2015-12-31 03:31:17,False
188,682331337554935809,72,0 days 03:34:42.000000000,682385366842658816,113851737,RT @BBCNews: EXPRES,2015-12-31 02:18:44,False
189,682331337554935809,72,0 days 02:39:29.000000000,682371473579859968,344786265,RT @BBCNews: EXPRES,2015-12-31 01:23:31,False
190,682331337554935809,72,0 days 01:52:39.000000000,682359684280369152,4614553021,RT @BBCNews: EXPRES,2015-12-31 00:36:41,False
191,682331337554935809,72,0 days 01:34:48.000000000,682355192390664195,1352875801,RT @BBCNews: EXPRES,2015-12-31 00:18:50,False
192,682331337554935809,72,0 days 01:32:37.000000000,682354646367793152,203325246,RT @BBCNews: EXPRES,2015-12-31 00:16:39,False
193,682331337554935809,72,0 days 01:28:47.000000000,682353678947348485,243862968,RT @BBCNews: EXPRES,2015-12-31 00:12:49,False
194,682331337554935809,72,0 days 01:17:45.000000000,682350903609921536,582678395,RT @BBCNews: EXPRES,2015-12-31 00:01:47,False
195,682331337554935809,72,0 days 01:15:52.000000000,682350428198170625,4627319541,RT @BBCNews: EXPRES,2015-12-30 23:59:54,False
196,682331337554935809,72,0 days 01:13:54.000000000,682349932779597824,440137121,RT @BBCNews: EXPRES,2015-12-30 23:57:56,False
197,682331337554935809,72,0 days 00:49:45.000000000,682343855790931968,2905665046,RT @BBCNews: EXPRES,2015-12-30 23:33:47,False
198,682331337554935809,72,0 days 00:40:27.000000000,682341517747343361,289440261,RT @BBCNews: EXPRES,2015-12-30 23:24:29,False
199,682210537300713473,23,0 days 02:08:04.000000000,682242765728645121,193309389,RT @BBCNews: Nottin,2015-12-30 16:52:05,False
200,682210537300713473,23,0 days 02:01:54.000000000,682241213852823552,399290779,RT @BBCNews: Nottin,2015-12-30 16:45:55,False
201,682210537300713473,23,0 days 01:17:24.000000000,682230014587330560,597424425,RT @BBCNews: Nottin,2015-12-30 16:01:25,False
202,682210537300713473,23,0 days 00:48:27.000000000,682222727831355393,3428270223,RT @BBCNews: Nottin,2015-12-30 15:32:28,False
203,682210537300713473,23,0 days 00:48:17.000000000,682222686865604608,1024835322,RT @BBCNews: Nottin,2015-12-30 15:32:18,False
204,682210537300713473,23,0 days 00:36:17.000000000,682219667243466754,117621805,RT @BBCNews: Nottin,2015-12-30 15:20:18,False
205,682210537300713473,23,0 days 00:15:22.000000000,682214402217652224,1569096864,RT @BBCNews: Nottin,2015-12-30 14:59:23,False
206,682210537300713473,23,0 days 00:13:48.000000000,682214011530801152,1713531714,RT @BBCNews: Nottin,2015-12-30 14:57:49,False
207,682210537300713473,23,0 days 00:13:39.000000000,682213970132873216,96510886,RT @BBCNews: Nottin,2015-12-30 14:57:40,False
208,682210537300713473,23,0 days 00:07:54.000000000,682212526390644738,2369283302,RT @BBCNews: Nottin,2015-12-30 14:51:55,False
209,682210537300713473,23,0 days 00:06:06.000000000,682212071312887808,2204798617,RT @BBCNews: Nottin,2015-12-30 14:50:07,False
210,682210537300713473,23,0 days 00:05:26.000000000,682211904606060545,2809901188,RT @BBCNews: Nottin,2015-12-30 14:49:27,False
211,682210537300713473,23,0 days 00:05:06.000000000,682211821034573824,3165913319,RT @BBCNews: Nottin,2015-12-30 14:49:07,False
212,682210537300713473,23,0 days 00:04:07.000000000,682211572836614144,533444481,RT @BBCNews: Nottin,2015-12-30 14:48:08,False
213,682210537300713473,23,0 days 00:04:05.000000000,682211566180253696,1128951643,RT @BBCNews: Nottin,2015-12-30 14:48:06,False
214,682210537300713473,23,0 days 00:01:08.000000000,682210821074649089,82596332,RT @BBCNews: Nottin,2015-12-30 14:45:09,False
215,682210537300713473,23,0 days 00:01:04.000000000,682210804830212096,4535881235,RT @BBCNews: Nottin,2015-12-30 14:45:05,False
216,682210537300713473,23,0 days 00:00:56.000000000,682210770164158468,2355400786,RT @BBCNews: Nottin,2015-12-30 14:44:57,False
217,682165489053876224,84,0 days 10:25:40.000000000,682322946078146560,3401700315,RT @BBCNews: #Storm,2015-12-30 22:10:41,False
218,682165489053876224,84,0 days 06:48:33.000000000,682268306708021250,33049861,RT @BBCNews: #Storm,2015-12-30 18:33:34,False
219,682165489053876224,84,0 days 06:39:18.000000000,682265976625172480,277439806,RT @BBCNews: #Storm,2015-12-30 18:24:19,False
220,682165489053876224,84,0 days 04:31:03.000000000,682233704043921408,4078249048,RT @BBCNews: #Storm,2015-12-30 16:16:04,False
221,682165489053876224,84,0 days 03:53:10.000000000,682224166616043520,263538329,RT @BBCNews: #Storm,2015-12-30 15:38:11,False
222,682165489053876224,84,0 days 03:52:49.000000000,682224080892903424,2968619651,RT @BBCNews: #Storm,2015-12-30 15:37:50,False
223,682165489053876224,84,0 days 03:34:22.000000000,682219435395026948,337846543,RT @BBCNews: #Storm,2015-12-30 15:19:23,False
224,682165489053876224,84,0 days 03:13:41.000000000,682214232872611840,2774412741,RT @BBCNews: #Storm,2015-12-30 14:58:42,False
225,682165489053876224,84,0 days 03:08:23.000000000,682212896298921985,15491360,RT @BBCNews: #Storm,2015-12-30 14:53:24,False
226,682165489053876224,84,0 days 03:07:40.000000000,682212719509028864,2817018586,RT @BBCNews: #Storm,2015-12-30 14:52:41,False
227,682165489053876224,84,0 days 03:00:25.000000000,682210893418098689,2512878948,RT @BBCNews: #Storm,2015-12-30 14:45:26,False
228,682165489053876224,84,0 days 02:53:15.000000000,682209088911077376,2208733722,RT @BBCNews: #Storm,2015-12-30 14:38:16,False
229,682165489053876224,84,0 days 02:46:09.000000000,682207303848882176,3059467995,RT @BBCNews: #Storm,2015-12-30 14:31:10,False
230,682165489053876224,84,0 days 02:40:56.000000000,682205990360616960,19737608,RT @BBCNews: #Storm,2015-12-30 14:25:57,False
231,682165489053876224,84,0 days 02:30:06.000000000,682203262569820160,1000798291,RT @BBCNews: #Storm,2015-12-30 14:15:07,False
232,682165489053876224,84,0 days 02:18:09.000000000,682200257241849856,3698828776,RT @BBCNews: #Storm,2015-12-30 14:03:10,False
233,682165489053876224,84,0 days 02:05:50.000000000,682197156900528128,57015346,RT @BBCNews: #Storm,2015-12-30 13:50:51,False
234,682165489053876224,84,0 days 01:44:36.000000000,682191815445970944,19526036,RT @BBCNews: #Storm,2015-12-30 13:29:37,False
235,682335621919014913,42,0 days 14:15:44.000000000,682550975790493696,1362734726,RT @BBCNews: Actres,2015-12-31 13:16:48,False
236,682335621919014913,42,0 days 12:20:57.000000000,682522088356352000,280657592,RT @BBCNews: Actres,2015-12-31 11:22:01,False
237,682335621919014913,42,0 days 11:40:23.000000000,682511879495921664,1686110366,RT @BBCNews: Actres,2015-12-31 10:41:27,False
238,682335621919014913,42,0 days 09:06:52.000000000,682473246147624960,20282201,RT @BBCNews: Actres,2015-12-31 08:07:56,False
239,682335621919014913,42,0 days 09:04:16.000000000,682472591194460160,19911274,RT @BBCNews: Actres,2015-12-31 08:05:20,False
240,682335621919014913,42,0 days 07:46:47.000000000,682453094303711232,19104804,RT @BBCNews: Actres,2015-12-31 06:47:51,False
241,682335621919014913,42,0 days 07:33:52.000000000,682449844703735809,4256475669,RT @BBCNews: Actres,2015-12-31 06:34:56,False
242,682335621919014913,42,0 days 06:12:42.000000000,682429417595928576,277439806,RT @BBCNews: Actres,2015-12-31 05:13:46,False
243,682335621919014913,42,0 days 01:17:52.000000000,682355217313193985,583953494,RT @BBCNews: Actres,2015-12-31 00:18:56,False
244,682335621919014913,42,0 days 01:15:33.000000000,682354636070764545,203325246,RT @BBCNews: Actres,2015-12-31 00:16:37,False
245,682335621919014913,42,0 days 01:12:02.000000000,682353750623662080,3857108724,RT @BBCNews: Actres,2015-12-31 00:13:06,False
246,682335621919014913,42,0 days 01:06:40.000000000,682352401043599361,21196759,RT @BBCNews: Actres,2015-12-31 00:07:44,False
247,682335621919014913,42,0 days 01:05:13.000000000,682352034780188676,2732050630,RT @BBCNews: Actres,2015-12-31 00:06:17,False
248,682335621919014913,42,0 days 01:03:24.000000000,682351580641935364,243576128,RT @BBCNews: Actres,2015-12-31 00:04:28,False
249,682335621919014913,42,0 days 01:02:00.000000000,682351225657004035,4653355234,RT @BBCNews: Actres,2015-12-31 00:03:04,False
250,682335621919014913,42,0 days 01:00:12.000000000,682350774496694272,97408886,RT @BBCNews: Actres,2015-12-31 00:01:16,False
251,682335621919014913,42,0 days 00:55:04.000000000,682349483519250432,2286866446,RT @BBCNews: Actres,2015-12-30 23:56:08,False
252,682335621919014913,42,0 days 00:51:19.000000000,682348537179443201,1089637968,RT @BBCNews: Actres,2015-12-30 23:52:23,False
253,682334779606355969,40,0 days 17:08:41.000000000,682593655945838593,237833980,RT @BBCNews: #NewYe,2015-12-31 16:06:24,False
254,682334779606355969,40,0 days 06:52:30.000000000,682438591558070273,14577821,RT @BBCNews: #NewYe,2015-12-31 05:50:13,False
255,682334779606355969,40,0 days 06:42:31.000000000,682436076162682880,163992822,RT @BBCNews: #NewYe,2015-12-31 05:40:14,False
256,682334779606355969,40,0 days 06:15:59.000000000,682429401519149056,277439806,RT @BBCNews: #NewYe,2015-12-31 05:13:42,False
257,682334779606355969,40,0 days 06:08:04.000000000,682427405877694464,212880037,RT @BBCNews: #NewYe,2015-12-31 05:05:47,False
258,682334779606355969,40,0 days 01:34:43.000000000,682358615311802368,1132406130,RT @BBCNews: #NewYe,2015-12-31 00:32:26,False
259,682334779606355969,40,0 days 01:18:55.000000000,682354639459774465,203325246,RT @BBCNews: #NewYe,2015-12-31 00:16:38,False
260,682334779606355969,40,0 days 00:47:08.000000000,682346642582929408,427736412,RT @BBCNews: #NewYe,2015-12-30 23:44:51,False
261,682334779606355969,40,0 days 00:38:05.000000000,682344362999545856,621723429,RT @BBCNews: #NewYe,2015-12-30 23:35:48,False
262,682334779606355969,40,0 days 00:32:16.000000000,682342902031233027,1597669326,RT @BBCNews: #NewYe,2015-12-30 23:29:59,False
263,682334779606355969,40,0 days 00:27:28.000000000,682341693824172033,24655343,RT @BBCNews: #NewYe,2015-12-30 23:25:11,False
264,682334779606355969,40,0 days 00:22:04.000000000,682340332466343936,1323399769,RT @BBCNews: #NewYe,2015-12-30 23:19:47,False
265,682334779606355969,40,0 days 00:17:40.000000000,682339227145654276,24452216,RT @BBCNews: #NewYe,2015-12-30 23:15:23,False
266,682334779606355969,40,0 days 00:13:53.000000000,682338275843911680,2271097391,RT @BBCNews: #NewYe,2015-12-30 23:11:36,False
267,682334779606355969,40,0 days 00:11:41.000000000,682337721415684096,2809901188,RT @BBCNews: #NewYe,2015-12-30 23:09:24,False
268,682334779606355969,40,0 days 00:11:19.000000000,682337629841408000,38824856,RT @BBCNews: #NewYe,2015-12-30 23:09:02,False
269,682334779606355969,40,0 days 00:11:07.000000000,682337577865592832,231806746,RT @BBCNews: #NewYe,2015-12-30 23:08:50,False
270,682334779606355969,40,0 days 00:10:55.000000000,682337526426685440,276943235,RT @BBCNews: #NewYe,2015-12-30 23:08:38,False
271,682334779606355969,40,0 days 00:10:29.000000000,682337419329310721,4680185197,RT @BBCNews: #NewYe,2015-12-30 23:08:12,False
272,682334779606355969,40,0 days 00:09:07.000000000,682337076591738882,4054740795,RT @BBCNews: #NewYe,2015-12-30 23:06:50,False
273,682291766926688256,45,1 days 01:48:55.000000000,682681564182937600,880358880,RT @BBCNews: McCaw ,2015-12-31 21:55:43,False
274,682291766926688256,45,0 days 12:01:21.000000000,682473301436952576,2748241108,RT @BBCNews: McCaw ,2015-12-31 08:08:09,False
275,682291766926688256,45,0 days 09:06:14.000000000,682429230404128769,277439806,RT @BBCNews: McCaw ,2015-12-31 05:13:02,False
276,682291766926688256,45,0 days 05:58:03.000000000,682381873893347328,186361513,RT @BBCNews: McCaw ,2015-12-31 02:04:51,False
277,682291766926688256,45,0 days 04:36:09.000000000,682361261384962048,27953952,RT @BBCNews: McCaw ,2015-12-31 00:42:57,False
278,682291766926688256,45,0 days 03:26:27.000000000,682343723129286656,162566596,RT @BBCNews: McCaw ,2015-12-30 23:33:15,False
279,682291766926688256,45,0 days 02:35:58.000000000,682331019005923329,106540062,RT @BBCNews: McCaw ,2015-12-30 22:42:46,False
280,682291766926688256,45,0 days 01:51:30.000000000,682319827378290693,54327296,RT @BBCNews: McCaw ,2015-12-30 21:58:18,False
281,682291766926688256,45,0 days 01:43:36.000000000,682317839466893312,204336121,RT @BBCNews: McCaw ,2015-12-30 21:50:24,False
282,682291766926688256,45,0 days 01:26:40.000000000,682313579366887428,175382078,RT @BBCNews: McCaw ,2015-12-30 21:33:28,False
283,682291766926688256,45,0 days 01:20:15.000000000,682311965453238272,30339895,RT @BBCNews: McCaw ,2015-12-30 21:27:03,False
284,682291766926688256,45,0 days 01:14:05.000000000,682310412134658052,2289779582,RT @BBCNews: McCaw ,2015-12-30 21:20:53,False
285,682291766926688256,45,0 days 00:50:24.000000000,682304451256971264,232972471,RT @BBCNews: McCaw ,2015-12-30 20:57:12,False
286,682291766926688256,45,0 days 00:50:09.000000000,682304387696427010,3345997817,RT @BBCNews: McCaw ,2015-12-30 20:56:57,False
287,682291766926688256,45,0 days 00:40:58.000000000,682302076576206849,3050232103,RT @BBCNews: McCaw ,2015-12-30 20:47:46,False
288,682291766926688256,45,0 days 00:32:40.000000000,682299990220369920,3439555847,RT @BBCNews: McCaw ,2015-12-30 20:39:28,False
289,682291766926688256,45,0 days 00:31:23.000000000,682299665216344064,575165082,RT @BBCNews: McCaw ,2015-12-30 20:38:11,False
290,682291766926688256,45,0 days 00:31:12.000000000,682299619615883264,311329542,RT @BBCNews: McCaw ,2015-12-30 20:38:00,False
291,682267419893723136,22,0 days 00:51:10.000000000,682280295110979584,570859259,RT @BBCNews: Put yo,2015-12-30 19:21:13,False
292,682267419893723136,22,0 days 00:39:38.000000000,682277392195403778,49658909,RT @BBCNews: Put yo,2015-12-30 19:09:41,False
293,682267419893723136,22,0 days 00:24:25.000000000,682273566256185344,1896710726,RT @BBCNews: Put yo,2015-12-30 18:54:28,False
294,682267419893723136,22,0 days 00:21:39.000000000,682272869678772224,272959518,RT @BBCNews: Put yo,2015-12-30 18:51:42,False
295,682267419893723136,22,0 days 00:08:42.000000000,682269609890729984,277439806,RT @BBCNews: Put yo,2015-12-30 18:38:45,False
296,682267419893723136,22,0 days 00:06:23.000000000,682269028052762624,3293322849,RT @BBCNews: Put yo,2015-12-30 18:36:26,False
297,682267419893723136,22,0 days 00:06:13.000000000,682268986315243520,2372364668,RT @BBCNews: Put yo,2015-12-30 18:36:16,False
298,682267419893723136,22,0 days 00:04:37.000000000,682268579866263552,353132109,RT @BBCNews: Put yo,2015-12-30 18:34:40,False
299,682267419893723136,22,0 days 00:03:42.000000000,682268351754842112,91639946,RT @BBCNews: Put yo,2015-12-30 18:33:45,False
300,682267419893723136,22,0 days 00:03:30.000000000,682268301515333632,4568308893,RT @BBCNews: Put yo,2015-12-30 18:33:33,False
301,682267419893723136,22,0 days 00:03:30.000000000,682268301498556416,4636286619,RT @BBCNews: Put yo,2015-12-30 18:33:33,False
302,682267419893723136,22,0 days 00:03:30.000000000,682268301498552320,4643781683,RT @BBCNews: Put yo,2015-12-30 18:33:33,False
303,682267419893723136,22,0 days 00:03:30.000000000,682268301490130944,4604336061,RT @BBCNews: Put yo,2015-12-30 18:33:33,False
304,682267419893723136,22,0 days 00:03:30.000000000,682268301477560323,85352364,RT @BBCNews: Put yo,2015-12-30 18:33:33,False
305,682267419893723136,22,0 days 00:03:29.000000000,682268297975300096,4113444615,RT @BBCNews: Put yo,2015-12-30 18:33:32,False
306,682267419893723136,22,0 days 00:03:29.000000000,682268297857904641,3695551455,RT @BBCNews: Put yo,2015-12-30 18:33:32,False
307,682267419893723136,22,0 days 00:03:04.000000000,682268193197584386,3729699675,RT @BBCNews: Put yo,2015-12-30 18:33:07,False
308,682267419893723136,22,0 days 00:02:06.000000000,682267949734957056,2763565341,RT @BBCNews: Put yo,2015-12-30 18:32:09,False
309,682276473005277184,14,0 days 05:44:37.000000000,682363195684552704,3256131630,RT @BBCNews: Thank ,2015-12-31 00:50:38,False
310,682276473005277184,14,0 days 01:01:21.000000000,682291910975844353,198494684,RT @BBCNews: Thank ,2015-12-30 20:07:22,False
311,682276473005277184,14,0 days 00:53:34.000000000,682289949702524928,2752344021,RT @BBCNews: Thank ,2015-12-30 19:59:35,False
312,682276473005277184,14,0 days 00:48:21.000000000,682288640727367680,4627319541,RT @BBCNews: Thank ,2015-12-30 19:54:22,False
313,682276473005277184,14,0 days 00:14:26.000000000,682280103288520704,911196463,RT @BBCNews: Thank ,2015-12-30 19:20:27,False
314,682276473005277184,14,0 days 00:13:12.000000000,682279793421844481,13590812,RT @BBCNews: Thank ,2015-12-30 19:19:13,False
315,682276473005277184,14,0 days 00:07:54.000000000,682278460392378368,1275228253,RT @BBCNews: Thank ,2015-12-30 19:13:55,False
316,682276473005277184,14,0 days 00:06:37.000000000,682278136583708672,22927432,RT @BBCNews: Thank ,2015-12-30 19:12:38,False
317,682276473005277184,14,0 days 00:05:18.000000000,682277806726864901,3165913319,RT @BBCNews: Thank ,2015-12-30 19:11:19,False
318,682276473005277184,14,0 days 00:03:46.000000000,682277421098364932,355498514,RT @BBCNews: Thank ,2015-12-30 19:09:47,False
319,682276473005277184,14,0 days 00:02:59.000000000,682277220962975745,2429060390,RT @BBCNews: Thank ,2015-12-30 19:09:00,False
320,682276473005277184,14,0 days 00:02:13.000000000,682277028184236032,592710940,RT @BBCNews: Thank ,2015-12-30 19:08:14,False
321,682276473005277184,14,0 days 00:01:24.000000000,682276823615471617,203325246,RT @BBCNews: Thank ,2015-12-30 19:07:25,False
322,682276473005277184,14,0 days 00:01:22.000000000,682276814828482561,2809901188,RT @BBCNews: Thank ,2015-12-30 19:07:23,False
323,682135291193372672,45,1 days 10:36:52.000000000,682657951643996161,194356250,RT @BBCNews: What h,2015-12-31 20:21:53,False
324,682135291193372672,45,0 days 11:52:52.000000000,682314690412830720,472090512,RT @BBCNews: What h,2015-12-30 21:37:53,False
325,682135291193372672,45,0 days 02:48:25.000000000,682177674366824448,468343086,RT @BBCNews: What h,2015-12-30 12:33:26,False
326,682135291193372672,45,0 days 02:11:17.000000000,682168329621123072,2511223258,RT @BBCNews: What h,2015-12-30 11:56:18,False
327,682135291193372672,45,0 days 02:10:41.000000000,682168177493708800,130141722,RT @BBCNews: What h,2015-12-30 11:55:42,False
328,682135291193372672,45,0 days 01:16:16.000000000,682154483783217152,4459768061,RT @BBCNews: What h,2015-12-30 11:01:17,False
329,682135291193372672,45,0 days 00:55:10.000000000,682149172095488000,2202816198,RT @BBCNews: What h,2015-12-30 10:40:11,False
330,682135291193372672,45,0 days 00:52:44.000000000,682148563896418305,997414842,RT @BBCNews: What h,2015-12-30 10:37:45,False
331,682135291193372672,45,0 days 00:37:43.000000000,682144781145903104,20135717,RT @BBCNews: What h,2015-12-30 10:22:44,False
332,682135291193372672,45,0 days 00:32:22.000000000,682143436942766080,4553483362,RT @BBCNews: What h,2015-12-30 10:17:23,False
333,682135291193372672,45,0 days 00:31:58.000000000,682143334115192832,1345084260,RT @BBCNews: What h,2015-12-30 10:16:59,False
334,682135291193372672,45,0 days 00:29:29.000000000,682142710887759872,259268117,RT @BBCNews: What h,2015-12-30 10:14:30,False
335,682135291193372672,45,0 days 00:28:45.000000000,682142524878753793,100842128,RT @BBCNews: What h,2015-12-30 10:13:46,False
336,682135291193372672,45,0 days 00:28:32.000000000,682142470570819584,71809716,RT @BBCNews: What h,2015-12-30 10:13:33,False
337,682135291193372672,45,0 days 00:25:32.000000000,682141716825030656,397089134,RT @BBCNews: What h,2015-12-30 10:10:33,False
338,682135291193372672,45,0 days 00:20:07.000000000,682140351667302400,2904791614,RT @BBCNews: What h,2015-12-30 10:05:08,False
339,682135291193372672,45,0 days 00:18:08.000000000,682139852356382721,433475389,RT @BBCNews: What h,2015-12-30 10:03:09,False
340,682135291193372672,45,0 days 00:13:47.000000000,682138761287843840,4460500221,RT @BBCNews: What h,2015-12-30 09:58:48,False
341,682135291193372672,45,0 days 00:13:29.000000000,682138685463080962,869307901,RT @BBCNews: What h,2015-12-30 09:58:30,False
342,682140339038195712,19,0 days 01:57:03.000000000,682169798671908864,496173417,RT @BBCNews: As Tig,2015-12-30 12:02:08,False
343,682140339038195712,19,0 days 00:28:27.000000000,682147500107673600,129478235,RT @BBCNews: As Tig,2015-12-30 10:33:32,False
344,682140339038195712,19,0 days 00:19:14.000000000,682145181907456000,172807302,RT @BBCNews: As Tig,2015-12-30 10:24:19,False
345,682140339038195712,19,0 days 00:09:09.000000000,682142643808276482,42620164,RT @BBCNews: As Tig,2015-12-30 10:14:14,False
346,682140339038195712,19,0 days 00:07:48.000000000,682142304514224128,99435700,RT @BBCNews: As Tig,2015-12-30 10:12:53,False
347,682140339038195712,19,0 days 00:07:35.000000000,682142251385008128,3376295356,RT @BBCNews: As Tig,2015-12-30 10:12:40,False
348,682140339038195712,19,0 days 00:06:21.000000000,682141938414399488,4054740795,RT @BBCNews: As Tig,2015-12-30 10:11:26,False
349,682140339038195712,19,0 days 00:06:16.000000000,682141916230713344,4553483362,RT @BBCNews: As Tig,2015-12-30 10:11:21,False
350,682140339038195712,19,0 days 00:05:32.000000000,682141733954674688,4524103109,RT @BBCNews: As Tig,2015-12-30 10:10:37,False
351,682140339038195712,19,0 days 00:04:44.000000000,682141531009056768,402377610,RT @BBCNews: As Tig,2015-12-30 10:09:49,False
352,682140339038195712,19,0 days 00:04:42.000000000,682141524067495937,2809901188,RT @BBCNews: As Tig,2015-12-30 10:09:47,False
353,682140339038195712,19,0 days 00:04:24.000000000,682141449748545536,3195178765,RT @BBCNews: As Tig,2015-12-30 10:09:29,False
354,682140339038195712,19,0 days 00:03:16.000000000,682141162501726208,176629389,RT @BBCNews: As Tig,2015-12-30 10:08:21,False
355,682140339038195712,19,0 days 00:02:53.000000000,682141067014090752,41818613,RT @BBCNews: As Tig,2015-12-30 10:07:58,False
356,682140339038195712,19,0 days 00:02:36.000000000,682140994595233792,2214847722,RT @BBCNews: As Tig,2015-12-30 10:07:41,False
357,682140339038195712,19,0 days 00:02:03.000000000,682140856187486208,217658010,RT @BBCNews: As Tig,2015-12-30 10:07:08,False
358,682140339038195712,19,0 days 00:00:50.000000000,682140548640190464,580150540,RT @BBCNews: As Tig,2015-12-30 10:05:55,False
359,682140339038195712,19,0 days 00:00:46.000000000,682140533762977792,2532554937,RT @BBCNews: As Tig,2015-12-30 10:05:51,False
360,682216793197428736,56,0 days 08:33:31.000000000,682346024938135554,65617648,RT @BBCNews: Britis,2015-12-30 23:42:24,False
361,682216793197428736,56,0 days 07:37:19.000000000,682331881560408066,255826721,RT @BBCNews: Britis,2015-12-30 22:46:12,False
362,682216793197428736,56,0 days 07:26:15.000000000,682329095896580096,1368100356,RT @BBCNews: Britis,2015-12-30 22:35:08,False
363,682216793197428736,56,0 days 03:02:04.000000000,682262611275182080,4066451830,RT @BBCNews: Britis,2015-12-30 18:10:57,False
364,682216793197428736,56,0 days 02:17:10.000000000,682251314647175168,50350691,RT @BBCNews: Britis,2015-12-30 17:26:03,False
365,682216793197428736,56,0 days 01:58:27.000000000,682246605341351936,104971764,RT @BBCNews: Britis,2015-12-30 17:07:20,False
366,682216793197428736,56,0 days 01:47:45.000000000,682243909842563077,849812971,RT @BBCNews: Britis,2015-12-30 16:56:38,False
367,682216793197428736,56,0 days 01:44:14.000000000,682243026383679488,3083861,RT @BBCNews: Britis,2015-12-30 16:53:07,False
368,682216793197428736,56,0 days 01:37:42.000000000,682241383634079744,399290779,RT @BBCNews: Britis,2015-12-30 16:46:35,False
369,682216793197428736,56,0 days 01:27:22.000000000,682238782821765121,15491360,RT @BBCNews: Britis,2015-12-30 16:36:15,False
370,682216793197428736,56,0 days 01:24:39.000000000,682238097027936258,62962572,RT @BBCNews: Britis,2015-12-30 16:33:32,False
371,682216793197428736,56,0 days 01:20:55.000000000,682237159672131585,1300669550,RT @BBCNews: Britis,2015-12-30 16:29:48,False
372,682216793197428736,56,0 days 01:04:56.000000000,682233133723463680,156678487,RT @BBCNews: Britis,2015-12-30 16:13:49,False
373,682216793197428736,56,0 days 01:01:28.000000000,682232264525230080,2148869334,RT @BBCNews: Britis,2015-12-30 16:10:21,False
374,682216793197428736,56,0 days 00:54:41.000000000,682230557426757632,2959029473,RT @BBCNews: Britis,2015-12-30 16:03:34,False
375,682216793197428736,56,0 days 00:43:41.000000000,682227790045929472,262284775,RT @BBCNews: Britis,2015-12-30 15:52:34,False
376,682216793197428736,56,0 days 00:42:37.000000000,682227519689469953,3980843314,RT @BBCNews: Britis,2015-12-30 15:51:30,False
377,682216793197428736,56,0 days 00:28:28.000000000,682223956544385027,597424425,RT @BBCNews: Britis,2015-12-30 15:37:21,False
378,682216793197428736,56,0 days 00:25:05.000000000,682223108347039744,114993452,RT @BBCNews: Britis,2015-12-30 15:33:58,False
379,682329300415180800,25,0 days 09:39:56.000000000,682475244582506496,4363930343,RT @BBCNews: INTERN,2015-12-31 08:15:52,False
380,682329300415180800,25,0 days 06:37:19.000000000,682429286893015040,277439806,RT @BBCNews: INTERN,2015-12-31 05:13:15,False
381,682329300415180800,25,0 days 03:15:20.000000000,682378457309933568,3996151037,RT @BBCNews: INTERN,2015-12-31 01:51:16,False
382,682329300415180800,25,0 days 02:47:47.000000000,682371522468667392,344786265,RT @BBCNews: INTERN,2015-12-31 01:23:43,False
383,682329300415180800,25,0 days 02:29:09.000000000,682366834314768384,19537855,RT @BBCNews: INTERN,2015-12-31 01:05:05,False
384,682329300415180800,25,0 days 01:40:50.000000000,682354672577949700,203325246,RT @BBCNews: INTERN,2015-12-31 00:16:46,False
385,682329300415180800,25,0 days 01:37:05.000000000,682353731430707200,243862968,RT @BBCNews: INTERN,2015-12-31 00:13:01,False
386,682329300415180800,25,0 days 00:52:53.000000000,682342606806777856,3579457883,RT @BBCNews: INTERN,2015-12-30 23:28:49,False
387,682329300415180800,25,0 days 00:32:17.000000000,682337424752553985,2761092429,RT @BBCNews: INTERN,2015-12-30 23:08:13,False
388,682329300415180800,25,0 days 00:27:26.000000000,682336203639664641,3225549849,RT @BBCNews: INTERN,2015-12-30 23:03:22,False
389,682329300415180800,25,0 days 00:27:00.000000000,682336093803417603,321286464,RT @BBCNews: INTERN,2015-12-30 23:02:56,False
390,682329300415180800,25,0 days 00:15:50.000000000,682333284680904705,2836466836,RT @BBCNews: INTERN,2015-12-30 22:51:46,False
391,682329300415180800,25,0 days 00:14:18.000000000,682332898293235712,182366037,RT @BBCNews: INTERN,2015-12-30 22:50:14,False
392,682329300415180800,25,0 days 00:13:40.000000000,682332735860412416,517834224,RT @BBCNews: INTERN,2015-12-30 22:49:36,False
393,682329300415180800,25,0 days 00:09:29.000000000,682331686957268992,2809901188,RT @BBCNews: INTERN,2015-12-30 22:45:25,False
394,682329300415180800,25,0 days 00:07:32.000000000,682331194680201216,148886933,RT @BBCNews: INTERN,2015-12-30 22:43:28,False
395,682329300415180800,25,0 days 00:04:42.000000000,682330480281174018,2178611209,RT @BBCNews: INTERN,2015-12-30 22:40:38,False
396,682329300415180800,25,0 days 00:04:01.000000000,682330310315388928,2964005083,RT @BBCNews: INTERN,2015-12-30 22:39:57,False
397,682329300415180800,25,0 days 00:03:08.000000000,682330087757250561,26985539,RT @BBCNews: INTERN,2015-12-30 22:39:04,False
398,682096299412459521,41,0 days 07:23:11.000000000,682207833513799680,1580940834,RT @BBCNews: Craft ,2015-12-30 14:33:16,False
399,682096299412459521,41,0 days 05:58:38.000000000,682186552781475840,3386192968,RT @BBCNews: Craft ,2015-12-30 13:08:43,False
400,682096299412459521,41,0 days 05:33:22.000000000,682180194392784896,1635961903,RT @BBCNews: Craft ,2015-12-30 12:43:27,False
401,682096299412459521,41,0 days 04:46:34.000000000,682168416896172032,105188476,RT @BBCNews: Craft ,2015-12-30 11:56:39,False
402,682096299412459521,41,0 days 04:25:19.000000000,682163070324633600,4098358341,RT @BBCNews: Craft ,2015-12-30 11:35:24,False
403,682096299412459521,41,0 days 03:29:59.000000000,682149143054254080,255427561,RT @BBCNews: Craft ,2015-12-30 10:40:04,False
404,682096299412459521,41,0 days 03:26:57.000000000,682148379510587392,570348334,RT @BBCNews: Craft ,2015-12-30 10:37:02,False
405,682096299412459521,41,0 days 02:56:10.000000000,682140636099809280,2904791614,RT @BBCNews: Craft ,2015-12-30 10:06:15,False
406,682096299412459521,41,0 days 02:47:25.000000000,682138430986412032,3320725564,RT @BBCNews: Craft ,2015-12-30 09:57:30,False
407,682096299412459521,41,0 days 02:15:47.000000000,682130470059028480,4605421,RT @BBCNews: Craft ,2015-12-30 09:25:52,False
408,682096299412459521,41,0 days 02:00:59.000000000,682126749241597952,3357501755,RT @BBCNews: Craft ,2015-12-30 09:11:04,False
409,682096299412459521,41,0 days 02:00:57.000000000,682126740693594112,1445859979,RT @BBCNews: Craft ,2015-12-30 09:11:02,False
410,682096299412459521,41,0 days 01:33:56.000000000,682119939998781440,226669137,RT @BBCNews: Craft ,2015-12-30 08:44:01,False
411,682096299412459521,41,0 days 01:33:16.000000000,682119773895835649,117621805,RT @BBCNews: Craft ,2015-12-30 08:43:21,False
412,682096299412459521,41,0 days 01:26:56.000000000,682118179796156416,3833418053,RT @BBCNews: Craft ,2015-12-30 08:37:01,False
413,682096299412459521,41,0 days 01:19:28.000000000,682116299867176960,3028593857,RT @BBCNews: Craft ,2015-12-30 08:29:33,False
414,682096299412459521,41,0 days 01:15:30.000000000,682115299076911105,386590335,RT @BBCNews: Craft ,2015-12-30 08:25:35,False
415,682096299412459521,41,0 days 01:15:01.000000000,682115178113175552,21473603,RT @BBCNews: Craft ,2015-12-30 08:25:06,False
416,682096299412459521,41,0 days 00:54:36.000000000,682110039344033792,4018153693,RT @BBCNews: Craft ,2015-12-30 08:04:41,False
417,682096299412459521,41,0 days 00:42:31.000000000,682107002408009728,2411233808,RT @BBCNews: Craft ,2015-12-30 07:52:36,False
418,682330352430395392,36,0 days 21:25:07.000000000,682653760259289088,33044546,RT @BBCNews: FT: Ro,2015-12-31 20:05:14,False
419,682330352430395392,36,0 days 06:47:06.000000000,682432800570474496,1088378845,RT @BBCNews: FT: Ro,2015-12-31 05:27:13,False
420,682330352430395392,36,0 days 06:33:17.000000000,682429323437977600,277439806,RT @BBCNews: FT: Ro,2015-12-31 05:13:24,False
421,682330352430395392,36,0 days 05:52:02.000000000,682418942263083008,1080732320,RT @BBCNews: FT: Ro,2015-12-31 04:32:09,False
422,682330352430395392,36,0 days 03:58:22.000000000,682390339114655744,998540400,RT @BBCNews: FT: Ro,2015-12-31 02:38:29,False
423,682330352430395392,36,0 days 03:31:48.000000000,682383652555243520,64511318,RT @BBCNews: FT: Ro,2015-12-31 02:11:55,False
424,682330352430395392,36,0 days 01:57:15.000000000,682359857249296384,4614553021,RT @BBCNews: FT: Ro,2015-12-31 00:37:22,False
425,682330352430395392,36,0 days 01:45:14.000000000,682356832590032905,279176310,RT @BBCNews: FT: Ro,2015-12-31 00:25:21,False
426,682330352430395392,36,0 days 01:36:40.000000000,682354679691522050,203325246,RT @BBCNews: FT: Ro,2015-12-31 00:16:47,False
427,682330352430395392,36,0 days 01:32:48.000000000,682353705186930689,243862968,RT @BBCNews: FT: Ro,2015-12-31 00:12:55,False
428,682330352430395392,36,0 days 01:21:36.000000000,682350886572654592,97408886,RT @BBCNews: FT: Ro,2015-12-31 00:01:43,False
429,682330352430395392,36,0 days 01:20:50.000000000,682350692191834112,1077811946,RT @BBCNews: FT: Ro,2015-12-31 00:00:57,False
430,682330352430395392,36,0 days 01:15:45.000000000,682349416431366144,4125749656,RT @BBCNews: FT: Ro,2015-12-30 23:55:52,False
431,682330352430395392,36,0 days 01:12:24.000000000,682348570293440512,375100811,RT @BBCNews: FT: Ro,2015-12-30 23:52:31,False
432,682330352430395392,36,0 days 01:00:05.000000000,682345473722724352,4352239636,RT @BBCNews: FT: Ro,2015-12-30 23:40:12,False
433,682330352430395392,36,0 days 00:44:56.000000000,682341659267301376,459310999,RT @BBCNews: FT: Ro,2015-12-30 23:25:03,False
434,682330352430395392,36,0 days 00:34:40.000000000,682339074896572416,2799972731,RT @BBCNews: FT: Ro,2015-12-30 23:14:47,False
435,682330352430395392,36,0 days 00:31:13.000000000,682338207187374080,388466657,RT @BBCNews: FT: Ro,2015-12-30 23:11:20,False
436,682330352430395392,36,0 days 00:24:00.000000000,682336389514448900,53876164,RT @BBCNews: FT: Ro,2015-12-30 23:04:07,False
437,682330352430395392,36,0 days 00:23:47.000000000,682336338595561473,188143601,RT @BBCNews: FT: Ro,2015-12-30 23:03:54,False
438,682108895196803072,60,0 days 14:41:27.000000000,682330719125803009,27308358,RT @BBCNews: Margar,2015-12-30 22:41:35,False
439,682108895196803072,60,0 days 11:20:41.000000000,682280195471060992,2267177856,RT @BBCNews: Margar,2015-12-30 19:20:49,False
440,682108895196803072,60,0 days 05:51:49.000000000,682197434718679041,1573333268,RT @BBCNews: Margar,2015-12-30 13:51:57,False
441,682108895196803072,60,0 days 04:49:31.000000000,682181755491762176,230220227,RT @BBCNews: Margar,2015-12-30 12:49:39,False
442,682108895196803072,60,0 days 04:46:05.000000000,682180891431583748,104605037,RT @BBCNews: Margar,2015-12-30 12:46:13,False
443,682108895196803072,60,0 days 03:27:26.000000000,682161099437924352,64750354,RT @BBCNews: Margar,2015-12-30 11:27:34,False
444,682108895196803072,60,0 days 03:04:30.000000000,682155328943861760,279727176,RT @BBCNews: Margar,2015-12-30 11:04:38,False
445,682108895196803072,60,0 days 03:00:11.000000000,682154240903671808,2773691556,RT @BBCNews: Margar,2015-12-30 11:00:19,False
446,682108895196803072,60,0 days 02:36:34.000000000,682148296043958273,86605072,RT @BBCNews: Margar,2015-12-30 10:36:42,False
447,682108895196803072,60,0 days 02:30:19.000000000,682146723788120064,210852868,RT @BBCNews: Margar,2015-12-30 10:30:27,False
448,682108895196803072,60,0 days 02:27:35.000000000,682146035213463552,730513393,RT @BBCNews: Margar,2015-12-30 10:27:43,False
449,682108895196803072,60,0 days 02:19:17.000000000,682143946194182144,229075850,RT @BBCNews: Margar,2015-12-30 10:19:25,False
450,682108895196803072,60,0 days 02:08:17.000000000,682141178419130368,198122867,RT @BBCNews: Margar,2015-12-30 10:08:25,False
451,682108895196803072,60,0 days 02:05:35.000000000,682140500904800256,2904791614,RT @BBCNews: Margar,2015-12-30 10:05:43,False
452,682108895196803072,60,0 days 01:48:41.000000000,682136245309280256,399290779,RT @BBCNews: Margar,2015-12-30 09:48:49,False
453,682129258324561920,21,0 days 02:55:30.000000000,682173427713622016,4677956941,RT @BBCNews: Discip,2015-12-30 12:16:33,False
454,682129258324561920,21,0 days 01:37:07.000000000,682153701688107008,4623111875,RT @BBCNews: Discip,2015-12-30 10:58:10,False
455,682129258324561920,21,0 days 00:49:50.000000000,682141799067037696,3305332423,RT @BBCNews: Discip,2015-12-30 10:10:53,False
456,682129258324561920,21,0 days 00:44:11.000000000,682140379198697472,2904791614,RT @BBCNews: Discip,2015-12-30 10:05:14,False
457,682129258324561920,21,0 days 00:37:28.000000000,682138687270973440,276923799,RT @BBCNews: Discip,2015-12-30 09:58:31,False
458,682129258324561920,21,0 days 00:29:59.000000000,682136804762386433,399290779,RT @BBCNews: Discip,2015-12-30 09:51:02,False
459,682129258324561920,21,0 days 00:12:32.000000000,682132412889825281,85519900,RT @BBCNews: Discip,2015-12-30 09:33:35,False
460,682129258324561920,21,0 days 00:12:11.000000000,682132324201414656,4282747768,RT @BBCNews: Discip,2015-12-30 09:33:14,False
461,682129258324561920,21,0 days 00:08:49.000000000,682131478180966400,1901284370,RT @BBCNews: Discip,2015-12-30 09:29:52,False
462,682129258324561920,21,0 days 00:08:19.000000000,682131353563873280,4676849124,RT @BBCNews: Discip,2015-12-30 09:29:22,False
463,682129258324561920,21,0 days 00:05:47.000000000,682130715576647680,4312384460,RT @BBCNews: Discip,2015-12-30 09:26:50,False
464,682129258324561920,21,0 days 00:03:27.000000000,682130128130932737,2824909382,RT @BBCNews: Discip,2015-12-30 09:24:30,False
465,682129258324561920,21,0 days 00:03:18.000000000,682130088511541248,3165913319,RT @BBCNews: Discip,2015-12-30 09:24:21,False
466,682129258324561920,21,0 days 00:02:35.000000000,682129911797133312,16984207,RT @BBCNews: Discip,2015-12-30 09:23:38,False
467,682129258324561920,21,0 days 00:02:30.000000000,682129890393473024,4673516485,RT @BBCNews: Discip,2015-12-30 09:23:33,False
468,682129258324561920,21,0 days 00:02:01.000000000,682129767471120384,782270054,RT @BBCNews: Discip,2015-12-30 09:23:04,False
469,682129258324561920,21,0 days 00:01:42.000000000,682129686936326144,736497596,RT @BBCNews: Discip,2015-12-30 09:22:45,False
470,682129258324561920,21,0 days 00:01:25.000000000,682129617587703808,2809901188,RT @BBCNews: Discip,2015-12-30 09:22:28,False
471,682129258324561920,21,0 days 00:01:15.000000000,682129576009555968,3200627932,RT @BBCNews: Discip,2015-12-30 09:22:18,False
472,682129258324561920,21,0 days 00:01:13.000000000,682129567117631488,2778387083,RT @BBCNews: Discip,2015-12-30 09:22:16,False
473,682258239145275394,26,0 days 23:20:22.000000000,682610652742070272,2553203457,RT @BBCNews: Put yo,2015-12-31 17:13:56,False
474,682258239145275394,26,0 days 09:15:55.000000000,682398139115024384,41673949,RT @BBCNews: Put yo,2015-12-31 03:09:29,False
475,682258239145275394,26,0 days 07:30:33.000000000,682371623056314368,762306,RT @BBCNews: Put yo,2015-12-31 01:24:07,False
476,682258239145275394,26,0 days 02:25:26.000000000,682294837371080704,1106579052,RT @BBCNews: Put yo,2015-12-30 20:19:00,False
477,682258239145275394,26,0 days 01:26:16.000000000,682279947659034625,255658722,RT @BBCNews: Put yo,2015-12-30 19:19:50,False
478,682258239145275394,26,0 days 00:42:25.000000000,682268912214487040,1093330681,RT @BBCNews: Put yo,2015-12-30 18:35:59,False
479,682258239145275394,26,0 days 00:36:51.000000000,682267513367969793,4277255487,RT @BBCNews: Put yo,2015-12-30 18:30:25,False
480,682258239145275394,26,0 days 00:33:22.000000000,682266636976390146,277439806,RT @BBCNews: Put yo,2015-12-30 18:26:56,False
481,682258239145275394,26,0 days 00:32:17.000000000,682266362488709120,864183661,RT @BBCNews: Put yo,2015-12-30 18:25:51,False
482,682258239145275394,26,0 days 00:27:21.000000000,682265122748915712,4374318929,RT @BBCNews: Put yo,2015-12-30 18:20:55,False
483,682258239145275394,26,0 days 00:18:06.000000000,682262794490769409,2809901188,RT @BBCNews: Put yo,2015-12-30 18:11:40,False
484,682258239145275394,26,0 days 00:09:54.000000000,682260730821750784,135331543,RT @BBCNews: Put yo,2015-12-30 18:03:28,False
485,682258239145275394,26,0 days 00:09:24.000000000,682260605907124224,1919716286,RT @BBCNews: Put yo,2015-12-30 18:02:58,False
486,682258239145275394,26,0 days 00:08:46.000000000,682260443969093633,203325246,RT @BBCNews: Put yo,2015-12-30 18:02:20,False
487,682258239145275394,26,0 days 00:06:25.000000000,682259855030239232,433858053,RT @BBCNews: Put yo,2015-12-30 17:59:59,False
488,682258239145275394,26,0 days 00:03:08.000000000,682259027762479104,534586293,RT @BBCNews: Put yo,2015-12-30 17:56:42,False
489,682258239145275394,26,0 days 00:02:15.000000000,682258802901663744,342269002,RT @BBCNews: Put yo,2015-12-30 17:55:49,False
490,682258239145275394,26,0 days 00:02:08.000000000,682258775575662592,14086883,RT @BBCNews: Put yo,2015-12-30 17:55:42,False
491,682258239145275394,26,0 days 00:02:02.000000000,682258750569340932,4054740795,RT @BBCNews: Put yo,2015-12-30 17:55:36,False
492,682271319031988231,60,0 days 22:53:14.000000000,682616908034740224,2553780078,RT @BBCNews: VIDEO:,2015-12-31 17:38:47,False
493,682271319031988231,60,0 days 06:30:29.000000000,682369588420571136,319219849,RT @BBCNews: VIDEO:,2015-12-31 01:16:02,False
494,682271319031988231,60,0 days 06:03:27.000000000,682362784160546817,2840362817,RT @BBCNews: VIDEO:,2015-12-31 00:49:00,False
495,682271319031988231,60,0 days 05:54:46.000000000,682360601226686464,1305041670,RT @BBCNews: VIDEO:,2015-12-31 00:40:19,False
496,682271319031988231,60,0 days 05:13:27.000000000,682350201978224640,296090038,RT @BBCNews: VIDEO:,2015-12-30 23:59:00,False
497,682271319031988231,60,0 days 05:05:09.000000000,682348112921391104,2411228243,RT @BBCNews: VIDEO:,2015-12-30 23:50:42,False
498,682271319031988231,60,0 days 02:34:03.000000000,682310086874783744,114536766,RT @BBCNews: VIDEO:,2015-12-30 21:19:36,False
499,682271319031988231,60,0 days 02:03:58.000000000,682302516743258113,19641119,RT @BBCNews: VIDEO:,2015-12-30 20:49:31,False
500,682271319031988231,60,0 days 01:53:05.000000000,682299779062312961,311329542,RT @BBCNews: VIDEO:,2015-12-30 20:38:38,False
501,682271319031988231,60,0 days 01:45:53.000000000,682297967261429760,591047261,RT @BBCNews: VIDEO:,2015-12-30 20:31:26,False
502,682271319031988231,60,0 days 01:41:29.000000000,682296859998728192,2597480354,RT @BBCNews: VIDEO:,2015-12-30 20:27:02,False
503,682271319031988231,60,0 days 01:09:17.000000000,682288755126984705,268488355,RT @BBCNews: VIDEO:,2015-12-30 19:54:50,False
504,682271319031988231,60,0 days 00:59:27.000000000,682286282584813569,15491360,RT @BBCNews: VIDEO:,2015-12-30 19:45:00,False
505,682271319031988231,60,0 days 00:52:35.000000000,682284555705925632,487886477,RT @BBCNews: VIDEO:,2015-12-30 19:38:08,False
506,682271319031988231,60,0 days 00:48:17.000000000,682283471843233792,4569951869,RT @BBCNews: VIDEO:,2015-12-30 19:33:50,False
507,682271319031988231,60,0 days 00:44:04.000000000,682282411594485764,65142892,RT @BBCNews: VIDEO:,2015-12-30 19:29:37,False
508,682271319031988231,60,0 days 00:34:31.000000000,682280007201234945,90133405,RT @BBCNews: VIDEO:,2015-12-30 19:20:04,False
509,682271319031988231,60,0 days 00:30:57.000000000,682279109758705665,1027983343,RT @BBCNews: VIDEO:,2015-12-30 19:16:30,False
510,682108627549827073,62,0 days 11:04:29.000000000,682275850637709312,813984380,RT @BBCNews: Remark,2015-12-30 19:03:33,False
511,682108627549827073,62,0 days 07:09:19.000000000,682216667347202048,18496526,RT @BBCNews: Remark,2015-12-30 15:08:23,False
512,682108627549827073,62,0 days 06:56:38.000000000,682213475960131584,122141725,RT @BBCNews: Remark,2015-12-30 14:55:42,False
513,682108627549827073,62,0 days 06:07:13.000000000,682201042465886208,4120400507,RT @BBCNews: Remark,2015-12-30 14:06:17,False
514,682108627549827073,62,0 days 04:00:38.000000000,682169186785865728,120619743,RT @BBCNews: Remark,2015-12-30 11:59:42,False
515,682108627549827073,62,0 days 03:00:35.000000000,682154074876329985,4623111875,RT @BBCNews: Remark,2015-12-30 10:59:39,False
516,682108627549827073,62,0 days 02:18:44.000000000,682143539271200768,721054444,RT @BBCNews: Remark,2015-12-30 10:17:48,False
517,682108627549827073,62,0 days 02:15:47.000000000,682142797483405312,342030392,RT @BBCNews: Remark,2015-12-30 10:14:51,False
518,682108627549827073,62,0 days 02:13:09.000000000,682142138184892416,2874154492,RT @BBCNews: Remark,2015-12-30 10:12:13,False
519,682108627549827073,62,0 days 02:06:42.000000000,682140513370271744,2904791614,RT @BBCNews: Remark,2015-12-30 10:05:46,False
520,682108627549827073,62,0 days 01:56:41.000000000,682137993155592192,2747101563,RT @BBCNews: Remark,2015-12-30 09:55:45,False
521,682108627549827073,62,0 days 01:49:39.000000000,682136223591174146,399290779,RT @BBCNews: Remark,2015-12-30 09:48:43,False
522,682108627549827073,62,0 days 01:47:06.000000000,682135582089195521,277439806,RT @BBCNews: Remark,2015-12-30 09:46:10,False
523,682108627549827073,62,0 days 01:40:14.000000000,682133851385237504,382593488,RT @BBCNews: Remark,2015-12-30 09:39:18,False
524,682108627549827073,62,0 days 01:38:14.000000000,682133348798574592,2744433444,RT @BBCNews: Remark,2015-12-30 09:37:18,False
525,682108627549827073,62,0 days 01:34:24.000000000,682132385387933697,342269002,RT @BBCNews: Remark,2015-12-30 09:33:28,False
526,682108627549827073,62,0 days 01:26:36.000000000,682130421480615936,16557144,RT @BBCNews: Remark,2015-12-30 09:25:40,False
527,682108627549827073,62,0 days 01:05:39.000000000,682125147206234112,2886352564,RT @BBCNews: Remark,2015-12-30 09:04:43,False
528,682108627549827073,62,0 days 01:02:32.000000000,682124366834872320,117621805,RT @BBCNews: Remark,2015-12-30 09:01:36,False
529,682054384096833536,40,1 days 16:40:06.000000000,682668454709727233,139092157,RT @BBCNews: Social,2015-12-31 21:03:37,False
530,682054384096833536,40,1 days 12:53:56.000000000,682611537006088192,15809601,RT @BBCNews: Social,2015-12-31 17:17:27,False
531,682054384096833536,40,0 days 12:21:56.000000000,682241094889783296,4449460692,RT @BBCNews: Social,2015-12-30 16:45:27,False
532,682054384096833536,40,0 days 06:08:10.000000000,682147036867723264,411755910,RT @BBCNews: Social,2015-12-30 10:31:41,False
533,682054384096833536,40,0 days 02:33:53.000000000,682093109891719169,2562008827,RT @BBCNews: Social,2015-12-30 06:57:24,False
534,682054384096833536,40,0 days 02:05:46.000000000,682086031437508608,306785294,RT @BBCNews: Social,2015-12-30 06:29:17,False
535,682054384096833536,40,0 days 01:52:08.000000000,682082601855758336,2469759443,RT @BBCNews: Social,2015-12-30 06:15:39,False
536,682054384096833536,40,0 days 01:49:56.000000000,682082048996171776,352381389,RT @BBCNews: Social,2015-12-30 06:13:27,False
537,682054384096833536,40,0 days 01:42:58.000000000,682080295881854976,399290779,RT @BBCNews: Social,2015-12-30 06:06:29,False
538,682054384096833536,40,0 days 01:05:28.000000000,682070860195233792,2465280577,RT @BBCNews: Social,2015-12-30 05:28:59,False
539,682054384096833536,40,0 days 00:51:30.000000000,682067343946739712,3141533897,RT @BBCNews: Social,2015-12-30 05:15:01,False
540,682054384096833536,40,0 days 00:37:35.000000000,682063841904074752,3256131630,RT @BBCNews: Social,2015-12-30 05:01:06,False
541,682054384096833536,40,0 days 00:35:34.000000000,682063332447248385,21121637,RT @BBCNews: Social,2015-12-30 04:59:05,False
542,682054384096833536,40,0 days 00:26:07.000000000,682060953769349120,624882728,RT @BBCNews: Social,2015-12-30 04:49:38,False
543,682054384096833536,40,0 days 00:25:46.000000000,682060867446419456,1266315979,RT @BBCNews: Social,2015-12-30 04:49:17,False
544,682054384096833536,40,0 days 00:11:54.000000000,682057378863443968,172029952,RT @BBCNews: Social,2015-12-30 04:35:25,False
545,682054384096833536,40,0 days 00:11:52.000000000,682057370910892032,62076384,RT @BBCNews: Social,2015-12-30 04:35:23,False
546,682054384096833536,40,0 days 00:11:01.000000000,682057155654987776,2355400786,RT @BBCNews: Social,2015-12-30 04:34:32,False
547,682054384096833536,40,0 days 00:10:47.000000000,682057094539952128,3362465163,RT @BBCNews: Social,2015-12-30 04:34:18,False
548,682054384096833536,40,0 days 00:09:27.000000000,682056761336053761,422607271,RT @BBCNews: Social,2015-12-30 04:32:58,False
549,682206777325293568,45,0 days 20:45:44.000000000,682520276278493186,58017453,RT @BBCNews: Second,2015-12-31 11:14:49,False
550,682206777325293568,45,0 days 09:56:41.000000000,682356940886814720,2457682945,RT @BBCNews: Second,2015-12-31 00:25:46,False
551,682206777325293568,45,0 days 03:56:41.000000000,682266340774694913,277439806,RT @BBCNews: Second,2015-12-30 18:25:46,False
552,682206777325293568,45,0 days 02:15:56.000000000,682240985477193728,399290779,RT @BBCNews: Second,2015-12-30 16:45:01,False
553,682206777325293568,45,0 days 01:28:45.000000000,682229113294295040,501817486,RT @BBCNews: Second,2015-12-30 15:57:50,False
554,682206777325293568,45,0 days 01:23:14.000000000,682227726498017280,4120400507,RT @BBCNews: Second,2015-12-30 15:52:19,False
555,682206777325293568,45,0 days 01:15:39.000000000,682225818303598592,1385185447,RT @BBCNews: Second,2015-12-30 15:44:44,False
556,682206777325293568,45,0 days 01:04:07.000000000,682222912443691009,1024835322,RT @BBCNews: Second,2015-12-30 15:33:12,False
557,682206777325293568,45,0 days 01:03:19.000000000,682222711100301312,747347588,RT @BBCNews: Second,2015-12-30 15:32:24,False
558,682206777325293568,45,0 days 00:58:11.000000000,682221419825094657,58199261,RT @BBCNews: Second,2015-12-30 15:27:16,False
559,682206777325293568,45,0 days 00:47:30.000000000,682218732358242304,117621805,RT @BBCNews: Second,2015-12-30 15:16:35,False
560,682206777325293568,45,0 days 00:40:08.000000000,682216879780401153,3083809798,RT @BBCNews: Second,2015-12-30 15:09:13,False
561,682206777325293568,45,0 days 00:38:41.000000000,682216511939940353,849812971,RT @BBCNews: Second,2015-12-30 15:07:46,False
562,682206777325293568,45,0 days 00:38:08.000000000,682216376686133250,3024959401,RT @BBCNews: Second,2015-12-30 15:07:13,False
563,682206777325293568,45,0 days 00:35:48.000000000,682215787311034373,2734087205,RT @BBCNews: Second,2015-12-30 15:04:53,False
564,682206777325293568,45,0 days 00:33:36.000000000,682215236322091008,2973951579,RT @BBCNews: Second,2015-12-30 15:02:41,False
565,682206777325293568,45,0 days 00:25:59.000000000,682213316723372032,3097122456,RT @BBCNews: Second,2015-12-30 14:55:04,False
566,682206777325293568,45,0 days 00:20:21.000000000,682211898385928192,1096566492,RT @BBCNews: Second,2015-12-30 14:49:26,False
